{"cameraMode":{"drawMode":0,"name":"Shaded","section":"Shading Mode"},"sceneLighting":false,"audioPlay":false,"sceneViewState":{"showFog":true,"showMaterialUpdate":false,"showSkybox":false,"showFlares":true,"showImageEffects":true,"showParticleSystems":true},"in2DMode":false,"pivot":{"x":-0.0009026527404785156,"y":1.425138235092163,"z":0.00005316734313964844},"rotation":{"x":-0.07037880271673203,"y":0.10216043889522553,"z":-0.007246786262840033,"w":-0.9922525882720947},"size":1.7386751174926758,"orthographic":false}